{"text": " Hey, my name is Matan and I want to check if the voice record works. And also I have a new feature that takes the record and transfer it to a word, to text. Let's see if it will work.", "segments": [{"id": 0, "seek": 0, "start": 1.0, "end": 7.0, "text": " Hey, my name is Matan and I want to check if the voice record works.", "tokens": [50415, 1911, 11, 452, 1315, 307, 6789, 282, 293, 286, 528, 281, 1520, 498, 264, 3177, 2136, 1985, 13, 50715], "temperature": 0.0, "avg_logprob": -0.22209531289559822, "compression_ratio": 1.3656716417910448, "no_speech_prob": 1.0758324786586115e-10}, {"id": 1, "seek": 0, "start": 7.0, "end": 19.0, "text": " And also I have a new feature that takes the record and transfer it to a word, to text.", "tokens": [50715, 400, 611, 286, 362, 257, 777, 4111, 300, 2516, 264, 2136, 293, 5003, 309, 281, 257, 1349, 11, 281, 2487, 13, 51315], "temperature": 0.0, "avg_logprob": -0.22209531289559822, "compression_ratio": 1.3656716417910448, "no_speech_prob": 1.0758324786586115e-10}, {"id": 2, "seek": 0, "start": 19.0, "end": 21.0, "text": " Let's see if it will work.", "tokens": [51315, 961, 311, 536, 498, 309, 486, 589, 13, 51415], "temperature": 0.0, "avg_logprob": -0.22209531289559822, "compression_ratio": 1.3656716417910448, "no_speech_prob": 1.0758324786586115e-10}], "language": "English"}